shop_code,shop_name,name_plain,kana,company,n_stalls,blocks,groups,groups_full,url,tel
1028,明藤,明藤商店,アカトウ,(有)明藤商店,2,0802,合物業会 / 塩干魚業会,合物業会（干物・魚漬け・加工品） / 塩干魚業会（シラス・乾物・珍味）,,03-6633-5168
1034,(東)志吉,東志吉,アヅマシヨシ,(有)東志吉,1,0308,大物業会,大物業会（マグロ・カジキ類）,,03-6633-4104
1049,網弁,網弁商店,アミベン,(有)網弁商店,2,1008,大物業会,大物業会（マグロ・カジキ類）,,03-6633-5855
1052,新井水産,新井水産,アライスイサン,新井水産(株),1,1009,特種物業会,特種物業会（活魚・貝類・高級鮮魚）,,03-6633-4960
1059,旭水産,旭水産,アサヒスイサン,旭水産(株),11,0808 / 0908,特種物業会,特種物業会（活魚・貝類・高級鮮魚）,https://asahisuisan.co.jp,03-6633-4114
1062,アツミ水産,アツミ水産,アツミスイサン,(株)アツミ水産,7,0109 / 0202 / 0808,大物業会,大物業会（マグロ・カジキ類）,http://cosmo-atsumi.jp/,03-6633-5959
1064,阿部水産,阿部水産,アベスイサン,(有)阿部水産,1,0601,特種物業会,特種物業会（活魚・貝類・高級鮮魚）,,03-6633-7894
1065,明定水産,明定水産,アカサダスイサン,(有)明定水産,2,0204,鮮魚業会,鮮魚業会（鮮魚全般）,,03-6633-4074
1067,阿天坊東京,阿天坊東京,アテンボウトウキョウ,(株)阿天坊東京,3,1104 / 1204,煉・加工品業会,煉・加工品業会（煉製品・おでん・惣菜）,,03-6633-4977
1068,明招,明招,アキショウ,(有)明招,2,0701,特種物業会,特種物業会（活魚・貝類・高級鮮魚）,,03-6633-5234
1069,緋志,緋志,アカシ,(株)緋志,2,0509,大物業会,大物業会（マグロ・カジキ類）,,03-6633-4078
1070,青田,海XSIA青田,アオタ,(株)海XSIA青田,3,0306 / 0405,無所属,無所属,,03-6633-5003
1110,飯田,飯田水産,イイダ,飯田水産(株),2,1003,特種物業会,特種物業会（活魚・貝類・高級鮮魚）,,03-6636-5310
1125,石金,,イシキン,,1,1204,淡水魚組合,淡水魚組合（ウナギ・ドジョウ・鯉）,,03-6633-4499
1128,石司,石司商店,イシジ,(有)石司商店,8,1109,大物業会,大物業会（マグロ・カジキ類）,,03-6633-5142
1140,石山,石山海産,イシヤマ,石山海産(株),2,0401,北洋物業会,北洋物業会（鮭鱒・魚卵・冷凍品）,,03-6633-5911
1143,伊勢栄,伊勢栄,イセエイ,(有)伊勢栄,2,0503,大物業会,大物業会（マグロ・カジキ類）,,03-6633-5593
1146,伊勢国,伊勢国,イセクニ,(有)伊勢国,1,0204,鮮魚業会,鮮魚業会（鮮魚全般）,,03-6633-4333
1147,伊勢粂,伊勢粂,イセクメ,(有)伊勢粂,4,0903,塩干魚業会 / 特種物業会,塩干魚業会（シラス・乾物・珍味） / 特種物業会（活魚・貝類・高級鮮魚）,,03-6633-4144
1148,伊勢慶,伊勢慶商店,イセケイ,(有)伊勢慶商店,2,0606,海老協会,海老協会（活・生鮮・冷凍エビ）,,03-6633-5500
1158,伊勢豊,,イセトヨ,,1,0504,大物業会,大物業会（マグロ・カジキ類）,,03-6633-5978
1159,伊勢八,伊勢八,イセハチ,(有)伊勢八,1,1104,無所属,無所属,,03-6633-5130
1161,伊勢平,伊勢平,イセヘイ,(有)伊勢平,2,0609,大物業会,大物業会（マグロ・カジキ類）,http://www.rakuten.co.jp/oono/,03-6633-4423
1166,伊勢千代佃彦,伊勢千代佃彦水産,イセチヨツクヒコ,(株)伊勢千代佃彦水産,2,0205,鮮魚業会,鮮魚業会（鮮魚全般）,,03-6633-5015
1167,磯多紀,磯多紀,イソタキ,(株)磯多紀,1,0608,鮮魚業会,鮮魚業会（鮮魚全般）,,03-6633-5211
1168,イソベ,イソベ,イソベ,(株)イソベ,4,0802,大物業会,大物業会（マグロ・カジキ類）,,03-6633-0125
1171,市原,市原商店,イチハラ,(有)市原商店,3,1104,大物業会,大物業会（マグロ・カジキ類）,,03-6633-5562
1174,一瀬,一瀬商店,イチノセ,(有)一瀬商店,1,0704,大物業会,大物業会（マグロ・カジキ類）,,03-6633-4070
1178,泉久,泉久食品,イズキュウ,泉久食品(株),6,0105,鮮魚業会 / 大物業会,鮮魚業会（鮮魚全般） / 大物業会（マグロ・カジキ類）,http://www.iz9.jp/,03-6633-0091、03-6633-0910
1184,泉正,泉正商店,イズショウ,(有)泉正商店,3,1109,特種物業会,特種物業会（活魚・貝類・高級鮮魚）,,03-6633-5035
1192,泉寅,泉寅,イズトラ,(有)泉寅,2,0802,大物業会,大物業会（マグロ・カジキ類）,,03-6633-4665
1198,和泉勝,和泉勝,イズカツ,(有)和泉勝,1,1106,特種物業会,特種物業会（活魚・貝類・高級鮮魚）,,03-6633-4597
1214,稲良,稲良商店,イナリョウ,(株)稲良商店,4,1006,大物業会,大物業会（マグロ・カジキ類）,,03-6636-4882
1221,岩兼,岩兼商店,イワカネ,(有)岩兼商店,1,0401,鮮魚業会,鮮魚業会（鮮魚全般）,,03-6633-4546
1228,泉栄藤井,泉栄藤井,イズエイフジイ,(有)泉栄藤井,2,0705,佃和会,佃和会（佃煮・惣菜・珍味）,,03-6633-8188
1230,入元仲田,入元仲田,イリゲンナカタ,(株)入元仲田,3,0106,大物業会,大物業会（マグロ・カジキ類）,,03-6633-5005
1232,岩善,岩善,イワゼン,(株)岩善,2,0601,鮮魚業会,鮮魚業会（鮮魚全般）,,03-6633-4340
1239,伊藤食品,伊藤食品,イトウショクヒン,(株)伊藤食品,2,1004,無所属,無所属,,03-6633-4123
1240,伊勢田水産,伊勢田水産,イセダスイサン,(株)伊勢田水産,3,0205 / 1109,鮮魚業会 / 特種物業会,鮮魚業会（鮮魚全般） / 特種物業会（活魚・貝類・高級鮮魚）,,03-6633-5564
1311,上武,上武商店,ウエタケ,(有)上武商店,4,0509 / 0609,特種物業会,特種物業会（活魚・貝類・高級鮮魚）,,03-6633-5969
1313,宇田政,宇田政,ウダマサ,(株)宇田政,2,0506,特種物業会,特種物業会（活魚・貝類・高級鮮魚）,,03-6633-4103
1320,内長,内長,ウチチョウ,(株)内長,6,0404,合物業会 / 佃和会,合物業会（干物・魚漬け・加工品） / 佃和会（佃煮・惣菜・珍味）,https://www.uchicho.co.jp,03-6633-4133
1322,海野,海野,ウミノ,(有)海野,1,0701,大物業会,大物業会（マグロ・カジキ類）,,03-6633-4554
1327,宇田喜,宇田喜,ウダキ,(株)宇田喜,3,1009,大物業会,大物業会（マグロ・カジキ類）,,03-6633-5218
1331,浦安田代,浦安田代水産,ウラヤスタシロ,(株)浦安田代水産,5,0807,特種物業会,特種物業会（活魚・貝類・高級鮮魚）,,03-6633-0022
1336,内田水産,内田水産,ウチダスイサン,(株)内田水産,3,0202,鮮魚業会,鮮魚業会（鮮魚全般）,,03-6633-5300
1337,ウエケン,ウエケン,ウエケン,(株)ウエケン,10,0703 / 0803,特種物業会,特種物業会（活魚・貝類・高級鮮魚）,,03-6633-4828
1338,梅澤,梅澤,ウメザワ,(株)梅澤,2,1109,特種物業会,特種物業会（活魚・貝類・高級鮮魚）,,03-6633-4830
1419,越虎,越虎,エチトラ,(株)越虎,4,1002,大物業会,大物業会（マグロ・カジキ類）,http://www.echitora.co.jp,03-6633-5788
1421,栄光,栄光水産,エイコウ,栄光水産(株),10,0402,海老協会 / 特種物業会 / 鮮魚業会 / 大物業会,海老協会（活・生鮮・冷凍エビ） / 特種物業会（活魚・貝類・高級鮮魚） / 鮮魚業会（鮮魚全般） / 大物業会（マグロ・カジキ類）,http://www.eikoh-suisan.com/,03-6636-5401、03-6636-5402
1519,尾邦分店,,オクニブンテン,,1,1109,特種物業会,特種物業会（活魚・貝類・高級鮮魚）,,03-5166-0920
1520,尾粂,尾粂商店,オクメ,(株)尾粂商店,6,0506 / 0607,合物業会,合物業会（干物・魚漬け・加工品）,,03-6633-5542
1521,尾啓,尾啓水産,オケイ,(有)尾啓水産,1,0301,大物業会,大物業会（マグロ・カジキ類）,,03-6633-5611
1530,尾辰,尾辰商店,オタツ,(株)尾辰商店,2,0308,鮮魚業会,鮮魚業会（鮮魚全般）,http://www.tsukisuso.com,03-3520-9990
1534,尾藤,尾藤商店,オトウ,(有)尾藤商店,1,0704,大物業会,大物業会（マグロ・カジキ類）,,03-6633-4010
1535,尾寅,尾寅,オトラ,(株)尾寅,4,0207,大物業会,大物業会（マグロ・カジキ類）,http://www.otora.co.jp,03-6633-4800
1537,尾道,尾道商店,オミチ,(有)尾道商店,7,0408 / 0707 / 1204,特種物業会,特種物業会（活魚・貝類・高級鮮魚）,,03-6633-5980
1541,大内,大内商店,オオウチ,(株)大内商店,2,1208,無所属,無所属,,03-6633-4422
1545,太田,築地太田,オオタ,(株)築地太田,6,0307,特種物業会,特種物業会（活魚・貝類・高級鮮魚）,http://www.tsukiji-ohta.co.jp,03-6633-7942（パッケージ棟）
1555,オオハシ,オオハシ商店,オオハシ,(有)オオハシ商店,3,1101,塩干魚業会 / 鮮魚業会,塩干魚業会（シラス・乾物・珍味） / 鮮魚業会（鮮魚全般）,,03-6633-4084
1562,小栗,小栗水産,オグリ,(株)小栗水産,2,0102,特種物業会,特種物業会（活魚・貝類・高級鮮魚）,,03-6633-5482
1564,大宮,大宮商店,オオミヤ,(有)大宮商店,6,0402,大物業会,大物業会（マグロ・カジキ類）,,03-6633-5870
1570,長田,,オサダ,,1,1204,大物業会,大物業会（マグロ・カジキ類）,,03-6633-4343
1571,音幸,築地音幸,オトコウ,(株)築地音幸,4,0108,鮮魚業会,鮮魚業会（鮮魚全般）,,03-6636-5411
1573,尾本,尾本水産,オモト,(有)尾本水産,2,0501,大物業会,大物業会（マグロ・カジキ類）,,03-6633-5777
1574,尾坪水産,尾坪水産,オツボスイサン,尾坪水産(株),15,0909,海老協会 / 特種物業会 / 大物業会,海老協会（活・生鮮・冷凍エビ） / 特種物業会（活魚・貝類・高級鮮魚） / 大物業会（マグロ・カジキ類）,https://www.otubo.co.jp/,03-6633-4100
1575,岡善,岡善,オカゼン,(有)岡善,5,0106 / 0702 / 0802,特種物業会,特種物業会（活魚・貝類・高級鮮魚）,,03-6633-5510
1577,王滝水産,王滝水産,オウタキスイサン,(株)王滝水産,2,0710,無所属,無所属,,090-8328-5441
1610,海源,海源,カイゲン,(有)海源,1,0106,淡水魚組合,淡水魚組合（ウナギ・ドジョウ・鯉）,,03-6633-5442
1614,加藤水産,加藤水産,カトウスイサン,(株)加藤水産,2,0701,海老協会,海老協会（活・生鮮・冷凍エビ）,http://katosuisan.net/,03-6633-4141
1635,カネキ,カネキ,カネキ,(有)カネキ,2,0806,淡水魚組合 / 特種物業会,淡水魚組合（ウナギ・ドジョウ・鯉） / 特種物業会（活魚・貝類・高級鮮魚）,,03-6633-6000
1636,カネカ,カネカ商店,カネカ,(株)カネカ商店,6,0904,鮮魚業会 / 大物業会,鮮魚業会（鮮魚全般） / 大物業会（マグロ・カジキ類）,,03-6633-0336
1638,カネキン宇田川,宇田川,カネキンウダガワ,(有)宇田川,4,0108,特種物業会,特種物業会（活魚・貝類・高級鮮魚）,,03-6633-5280
1640,カネコ,金子順商店,カネコ,(有)金子順商店,4,0206,佃和会,佃和会（佃煮・惣菜・珍味）,,03-6633-5454
1642,カネジュウ,,カネジュウ,,1,0308,無所属,無所属,,070-1465-9448
1643,カネ重,カネ重,カネジュウ,(株)カネ重,3,0508,特種物業会,特種物業会（活魚・貝類・高級鮮魚）,https://kanejyu.stores.jp/,03-6633-4410
1644,カネシチ,かね七水産,カネシチ,かね七水産(株),2,0606,特種物業会,特種物業会（活魚・貝類・高級鮮魚）,,03-6633-5757
1656,神奈辰,神奈辰,カナタツ,(株)神奈辰,4,0801,特種物業会,特種物業会（活魚・貝類・高級鮮魚）,,03-6633-4667
1662,亀吉,亀吉商店,カメキチ,(有)亀吉商店,6,1001,鮮魚業会,鮮魚業会（鮮魚全般）,http://www.sakana-kamekichi.com,03-6633-5105
1665,亀谷,亀谷,カメタニ,(株)亀谷,12,0304,鮮魚業会 / 特種物業会 / 大物業会,鮮魚業会（鮮魚全般） / 特種物業会（活魚・貝類・高級鮮魚） / 大物業会（マグロ・カジキ類）,http://www.kametani.co.jp/,03-6633-5666
1666,亀本,亀本商店,カメモト,(株)亀本商店,9,0602,特種物業会,特種物業会（活魚・貝類・高級鮮魚）,,03-6633-5247
1667,亀和,亀和商店,カメワ,(株)亀和商店,7,0504,特種物業会 / 鮮魚業会,特種物業会（活魚・貝類・高級鮮魚） / 鮮魚業会（鮮魚全般）,http://www.kamewa.co.jp,03-3520-8087
1669,川正,川正,カワショウ,(株)川正,5,1201,塩干魚業会,塩干魚業会（シラス・乾物・珍味）,,03-6633-5029
1672,川鉄,川鉄,カワテツ,(株)川鉄,4,0401,特種物業会,特種物業会（活魚・貝類・高級鮮魚）,,03-6633-4901
1677,カネカ一,カネカ一水産,カネカイチ,(有)カネカ一水産,4,0609,大物業会,大物業会（マグロ・カジキ類）,,03-6633-5677
1683,川合水産,川合水産,カワイスイサン,(有)川合水産,2,0708,無所属,無所属,,03-6633-5656
1684,カネニンベン石沢,石澤,カネニンベンイシザワ,(有)石澤,1,0509,煉・加工品業会,煉・加工品業会（煉製品・おでん・惣菜）,,03-6633-5691
1688,カネフジ,カネフジ,カネフジ,(株)カネフジ,4,0405,無所属,無所属,http://fujitasuisan.tokyo/,03-6633-9724
1690,亀福,亀福,カメフク,(株)亀福,5,0502 / 1106,海老協会,海老協会（活・生鮮・冷凍エビ）,,03-6633-5810
1693,片岡水産,片岡水産,カタオカスイサン,(有)片岡水産,1,0303,特種物業会,特種物業会（活魚・貝類・高級鮮魚）,,03-6633-4523
1694,かね義高陽,高陽,カネヨシコウヨウ,(株)高陽,9,0103 / 1202,鮮魚業会 / 大物業会,鮮魚業会（鮮魚全般） / 大物業会（マグロ・カジキ類）,,03-6633-4225
1695,海信水産,海信水産,カイシンスイサン,(有)海信水産,2,0606,大物業会,大物業会（マグロ・カジキ類）,,03-6636-5285
1696,皆栄,皆栄,カイエイ,(株)皆栄,6,0503,特種物業会,特種物業会（活魚・貝類・高級鮮魚）,,03-6633-5430
1697,かど,かど,カド,(有)かど,1,0509,無所属,無所属,,03-6633-4640
1698,勝元,勝元,カツモト,(株)勝元,3,0501,大物業会,大物業会（マグロ・カジキ類）,,03-6633-5840
1699,海宝,海宝,カイホウ,(株)海宝,2,0109,特種物業会,特種物業会（活魚・貝類・高級鮮魚）,,03-6636-4170
1810,菊市,菊市,キクイチ,(株)菊市,7,0603,海老協会 / 特種物業会,海老協会（活・生鮮・冷凍エビ） / 特種物業会（活魚・貝類・高級鮮魚）,http://www.kikuichi.biz,03-6633-5670
1812,北沢,丸北商店,キタザワ,(有)丸北商店,2,0509,煉・加工品業会 / 塩干魚業会,煉・加工品業会（煉製品・おでん・惣菜） / 塩干魚業会（シラス・乾物・珍味）,,03-6633-4727
1813,北繁,北繁商店,キタシゲ,(有)北繁商店,4,1106,北洋物業会 / 海老協会,北洋物業会（鮭鱒・魚卵・冷凍品） / 海老協会（活・生鮮・冷凍エビ）,,03-6633-4981
1814,北田本店,丸北水産,キタダホンテン,丸北水産(株),4,0403,北洋物業会,北洋物業会（鮭鱒・魚卵・冷凍品）,,03-3520-8110
1818,紀留水産,紀留水産,キトメスイサン,(有)紀留水産,3,0902,特種物業会,特種物業会（活魚・貝類・高級鮮魚）,,03-6633-4791
1819,紀之重分店,紀之重分店,キノシゲブンテン,(有)紀之重分店,1,0306,無所属,無所属,,03-3541-7670
1822,木村,木村水産,キムラ,木村水産(株),4,0208,大物業会,大物業会（マグロ・カジキ類）,,03-6633-5817
1825,京富,京富,キョウトミ,(有)京富,1,1004,鮮魚業会,鮮魚業会（鮮魚全般）,,03-6633-5417
1840,キタニ水産,キタニ水産,キタニスイサン,(株)キタニ水産,6,0503,大物業会,大物業会（マグロ・カジキ類）,http://kitani-suisan.com/,03-6633-5065、03-6633-5066
1842,近長,近長,キンチョウ,(有)近長,2,1003,塩干魚業会,塩干魚業会（シラス・乾物・珍味）,,03-6633-5408
1843,共穂,共穂,キョウスイ,(株)共穂,7,1206,特種物業会,特種物業会（活魚・貝類・高級鮮魚）,,03-6633-5553
1845,協伸,協伸,キョウシン,(有)協伸,2,0408,特種物業会,特種物業会（活魚・貝類・高級鮮魚）,,03-6633-4344
1846,銀茂,銀茂,ギンシゲ,(株)銀茂,2,0901,北洋物業会,北洋物業会（鮭鱒・魚卵・冷凍品）,,03-3520-9911
1847,貴泉,貴泉,キセン,(株)貴泉,4,0305,特種物業会,特種物業会（活魚・貝類・高級鮮魚）,,03-6633-4700
1848,金印,金印,キンジルシ,(株)金印,4,0103 / 0702 / 1004,大物業会,大物業会（マグロ・カジキ類）,,03-6633-5022
1911,久保田,久保田商店,クボタ,(株)久保田商店,1,0205,大物業会,大物業会（マグロ・カジキ類）,,03-6633-4125
1913,国吉,國吉,クニヨシ,(有)國吉,3,0901 / 0902,煉・加工品業会,煉・加工品業会（煉製品・おでん・惣菜）,,03-3520-9911
1914,熊梅,熊梅,クマウメ,(株)熊梅,6,0608,特種物業会,特種物業会（活魚・貝類・高級鮮魚）,http://www.kumaume.co.jp,03-3520-8575、03-3520-8576
1915,熊川,熊川商店,クマカワ,(有)熊川商店,3,0107,大物業会,大物業会（マグロ・カジキ類）,,03-6633-4783
1917,栗辰,栗辰,クリタツ,(有)栗辰,1,0903,北洋物業会,北洋物業会（鮭鱒・魚卵・冷凍品）,,03-5548-2866
1920,蔵立,蔵立,クラタツ,(有)蔵立,5,0804,特種物業会,特種物業会（活魚・貝類・高級鮮魚）,,03-6633-4134
1921,久世,久世,クゼ,(株)久世,1,0703,大物業会,大物業会（マグロ・カジキ類）,,03-6633-4154
1922,クロセ,クロセ,クロセ,(有)クロセ,5,0306,特種物業会,特種物業会（活魚・貝類・高級鮮魚）,,03-6636-5514
1923,串田水産,串田水産,クシダスイサン,(有)串田水産,7,0205 / 0702,特種物業会,特種物業会（活魚・貝類・高級鮮魚）,,03-6633-4002
2010,源六,源六,ゲンロク,(株)源六,5,1104,特種物業会,特種物業会（活魚・貝類・高級鮮魚）,,03-6633-5668
2013,恵洋,恵洋水産,ケイヨウ,(株)恵洋水産,1,0202,大物業会,大物業会（マグロ・カジキ類）,,03-6633-4588
2111,小古間,小古間商店,ココマ,(株)小古間商店,2,1204,特種物業会,特種物業会（活魚・貝類・高級鮮魚）,,03-5560-0588
2114,小善,小善,コゼン,(株)小善,6,0707,特種物業会,特種物業会（活魚・貝類・高級鮮魚）,,03-6633-4477
2117,小林川魚,小林川魚,コバヤシカワウオ,(株)小林川魚,2,1008,淡水魚組合 / 特種物業会,淡水魚組合（ウナギ・ドジョウ・鯉） / 特種物業会（活魚・貝類・高級鮮魚）,,03-6633-5884
2126,越一,越一,コシイチ,(有)越一,3,0206,鮮魚業会,鮮魚業会（鮮魚全般）,,03-6633-4061
2129,越金,越金,コシキン,(株)越金,2,1106,特種物業会,特種物業会（活魚・貝類・高級鮮魚）,,03-6633-4652
2133,米磯,,コメイソ,,1,0301,大物業会,大物業会（マグロ・カジキ類）,,03-6633-4903
2137,米恭,,コメキョウ,,1,1104,無所属,無所属,,
2138,米銀,米銀,コメギン,(株)米銀,6,0501,特種物業会 / 鮮魚業会,特種物業会（活魚・貝類・高級鮮魚） / 鮮魚業会（鮮魚全般）,,03-6633-4166
2141,米三,米三,コメサン,(有)米三,1,0206,鮮魚業会,鮮魚業会（鮮魚全般）,,
2149,米恵,米恵,コメケイ,(有)米恵,2,0408,大物業会,大物業会（マグロ・カジキ類）,,03-6633-5683
2152,米彦,米彦,コメヒコ,(株)米彦,19,0104 / 0202 / 0204 / 0507 / 0607,大物業会,大物業会（マグロ・カジキ類）,http://www.daihiro-komehiko.com,03-6633-5345、03-6633-5347、03-6633-5548
2153,小池商店,小池商店,コイケショウテン,(有)小池商店,2,1005,淡水魚組合,淡水魚組合（ウナギ・ドジョウ・鯉）,,03-6633-4305
2155,洸峰,洸峰,コウホウ,(株)洸峰,1,0501,大物業会,大物業会（マグロ・カジキ類）,,03-6633-5517、03-6633-5518
2156,コアミ,コアミ,コアミ,(株)コアミ,4,0209,海老協会 / 特種物業会,海老協会（活・生鮮・冷凍エビ） / 特種物業会（活魚・貝類・高級鮮魚）,http://www.koami.info,03-6633-4091
2157,孝和,孝和,コウワ,(株)孝和,2,0705,大物業会,大物業会（マグロ・カジキ類）,,03-6633-5910
2159,幸栄,幸栄,コウエイ,(株)幸栄,16,0907,大物業会 / 北洋物業会,大物業会（マグロ・カジキ類） / 北洋物業会（鮭鱒・魚卵・冷凍品）,,03-6636-5242
2160,高洋,高洋,コウヨウ,高洋(有),4,0706,大物業会,大物業会（マグロ・カジキ類）,http://www.maguro-koyo.com,03-6633-5040
2161,幸樹水産,幸樹水産,コウジュスイサン,幸樹水産(株),4,0604,特種物業会,特種物業会（活魚・貝類・高級鮮魚）,,03-6636-4460
2216,佐孝,佐孝,サコウ,(株)佐孝,2,0702,鮮魚業会,鮮魚業会（鮮魚全般）,,03-6633-5350
2221,佐和久,佐和久,サワキュウ,(株)佐和久,5,0902,鮮魚業会 / 大物業会,鮮魚業会（鮮魚全般） / 大物業会（マグロ・カジキ類）,,03-6633-0389
2240,堺周,堺周商店,サカシュウ,(株)堺周商店,19,0409 / 0809,鮮魚業会 / 大物業会 / 特種物業会,鮮魚業会（鮮魚全般） / 大物業会（マグロ・カジキ類） / 特種物業会（活魚・貝類・高級鮮魚）,http://www.sakasyu.com,03-5144-5750
2244,堺藤,堺藤,サカフジ,(有)堺藤,2,0209,大物業会,大物業会（マグロ・カジキ類）,,03-6633-4455
2247,堺浜,なり市堺浜,サカハマ,(株)なり市堺浜,12,0107 / 0207 / 0609,大物業会,大物業会（マグロ・カジキ類）,http://www.nariichi-sakahama.co.jp/,03-5548-7171
2253,堺良,,サカリョウ,,1,1204,大物業会,大物業会（マグロ・カジキ類）,,03-6633-5902
2259,三京,三京,サンキョウ,(有)三京,2,0502,無所属,無所属,,
2260,三協,真部水産,サンキョウ,(有)真部水産,1,0701,鮮魚業会,鮮魚業会（鮮魚全般）,,03-6633-5281
2267,三清,三清商店,サンセイ,(株)三清商店,5,0607,特種物業会 / 北洋物業会,特種物業会（活魚・貝類・高級鮮魚） / 北洋物業会（鮭鱒・魚卵・冷凍品）,,03-6633-4490
2270,三滝,,サンタキ,,1,1004,無所属,無所属,,090-2637-5169
2273,三鉄,三鉄商店,サンテツ,(株)三鉄商店,4,0703,鮮魚業会,鮮魚業会（鮮魚全般）,,03-6633-5842
2279,三益,三益,サンマス,(株)三益,1,0504,大物業会,大物業会（マグロ・カジキ類）,,03-6633-4450
2280,三升,三升,サンマス,(有)三升,3,0607,北洋物業会,北洋物業会（鮭鱒・魚卵・冷凍品）,,03-6633-4027
2285,三富,三富新開水産,サントミ,(有)三富新開水産,8,0709 / 0809,鮮魚業会 / 特種物業会,鮮魚業会（鮮魚全般） / 特種物業会（活魚・貝類・高級鮮魚）,,03-6633-5221
2286,三昌,三昌,サンショウ,(株)三昌,1,0802,大物業会,大物業会（マグロ・カジキ類）,,03-6633-4542
2289,三栄水産,三栄水産,サンエイスイサン,三栄水産(株),6,0208,海老協会 / 伊勢海老組合,海老協会（活・生鮮・冷凍エビ） / 伊勢海老組合（伊勢海老）,,03-6633-4678
2291,桜井三善,櫻井三善水産,サクライサンゼン,(株)櫻井三善水産,3,0407,特種物業会,特種物業会（活魚・貝類・高級鮮魚）,,03-6633-4126
2295,三恵,三恵,サンケイ,(株)三恵,4,0509,大物業会,大物業会（マグロ・カジキ類）,,03-6633-4565
2297,三みつや,三みつや,サンミツヤ,(有)三みつや,1,0407,無所属,無所属,,03-3542-3280
2298,さいろく,鰓六水産,サイロク,鰓六水産(株),2,0405,大物業会,大物業会（マグロ・カジキ類）,,03-6633-5316
2299,三輝,三輝,サンキ,(株)三輝,2,0807,特種物業会,特種物業会（活魚・貝類・高級鮮魚）,,03-6633-4012
2310,篠一,篠一,シノイチ,(有)篠一,1,0803,特種物業会,特種物業会（活魚・貝類・高級鮮魚）,,03-6633-4011
2312,篠原,篠原商店,シノハラ,(有)篠原商店,2,1204,塩干魚業会,塩干魚業会（シラス・乾物・珍味）,,03-6633-5025
2315,芝専,芝専,シバセン,(有)芝専,4,0107,鮮魚業会 / 特種物業会,鮮魚業会（鮮魚全般） / 特種物業会（活魚・貝類・高級鮮魚）,,03-6633-5778
2320,柴原,柴原商店,シバハラ,(有)柴原商店,1,0308,合物業会,合物業会（干物・魚漬け・加工品）,,03-6633-4694
2327,清水友,清水友,シミズトモ,(株)清水友,2,1006,特種物業会,特種物業会（活魚・貝類・高級鮮魚）,,03-6633-5970
2335,上芳,上芳商店,ジョウヨシ,(株)上芳商店,2,0209,鮮魚業会,鮮魚業会（鮮魚全般）,,03-6633-4530
2336,白井,白井水産,シライ,(株)白井水産,3,0801,鮮魚業会 / 伊勢海老組合,鮮魚業会（鮮魚全般） / 伊勢海老組合（伊勢海老）,,03-6636-4801
2341,新石,新石商店,シンイシ,(有)新石商店,7,1101 / 1201,特種物業会,特種物業会（活魚・貝類・高級鮮魚）,,03-6633-5720
2344,昌栄水産,昌栄水産,ショウエイスイサン,(株)昌栄水産,6,1008,大物業会,大物業会（マグロ・カジキ類）,,03-6633-5534
2346,シマヅ,島津商店,シマヅ,(有)島津商店,2,1003,特種物業会,特種物業会（活魚・貝類・高級鮮魚）,,03-6636-5663
2348,紫鮮,紫鮮,シセン,紫鮮(株),4,1202,無所属,無所属,,03-6633-4080
2414,寿賀半,寿賀半,スカハン,(有)寿賀半,1,0408,鮮魚業会,鮮魚業会（鮮魚全般）,,03-6633-5930
2419,杉分,杉分,スギブン,(有)杉分,3,0303,大物業会,大物業会（マグロ・カジキ類）,,03-6633-4447
2430,鈴兼,築地中眞,スズカネ,(有)築地中眞,1,0707,鮮魚業会,鮮魚業会（鮮魚全般）,,03-6633-4420
2431,鈴國,,スズクニ,,1,0608,海老協会,海老協会（活・生鮮・冷凍エビ）,,03-6633-5335
2435,鈴千代,鈴千代,スズチヨ,(有)鈴千代,7,1005 / 1204,特種物業会,特種物業会（活魚・貝類・高級鮮魚）,,03-6633-4564
2436,鈴房,,スズフサ,,1,0306,鮮魚業会,鮮魚業会（鮮魚全般）,,03-6633-4472
2439,鈴与,魚河岸野郎,スズヨ,(株)魚河岸野郎,2,0106,大物業会,大物業会（マグロ・カジキ類）,,03-6633-4578
2443,住定,,スミサダ,,1,0608,鮮魚業会,鮮魚業会（鮮魚全般）,,03-6633-5018
2444,鈴角米勝,スズヨネ水産,スズカクコメカツ,(有)スズヨネ水産,2,0104,鮮魚業会,鮮魚業会（鮮魚全般）,,03-6633-5998
2445,鈴富,鈴富,スズトミ,(株)鈴富,4,1202,大物業会,大物業会（マグロ・カジキ類）,http://www.suzutomi.co.jp,03-6633-4403
2447,鈴友三浦水産,鈴友三浦水産,スズトモミウラ,(有)鈴友三浦水産,4,0307,大物業会,大物業会（マグロ・カジキ類）,,03-6633-5999
2448,杉原水産,杉原水産,スギハラスイサン,(有)杉原水産,6,0908,海老協会,海老協会（活・生鮮・冷凍エビ）,,03-6633-5824
2451,杉とよ,杉とよ,スギトヨ,(株)杉とよ,2,0305,無所属,無所属,,03-6633-5502
2510,誠和水産,誠和水産,セイワスイサン,(有)誠和水産,5,0308,特種物業会,特種物業会（活魚・貝類・高級鮮魚）,,03-6633-5355
2511,関戸,関戸,セキド,(株)関戸,2,0509,煉・加工品業会,煉・加工品業会（煉製品・おでん・惣菜）,https://www.sekitomi.co.jp,03-3541-0233
2513,瀬古,瀬古,セコ,(株)瀬古,2,0802,合物業会,合物業会（干物・魚漬け・加工品）,http://www.tsukiji-seko.co.jp,03-6633-5577
2516,善金,善金,ゼンキン,(有)善金,4,1002,特種物業会,特種物業会（活魚・貝類・高級鮮魚）,,03-6633-5023
2517,扇留,扇留,セントメ,(有)扇留,6,0604,特種物業会,特種物業会（活魚・貝類・高級鮮魚）,,03-6633-5304
2518,扇安,扇安,センヤス,(株)扇安,2,0105,特種物業会,特種物業会（活魚・貝類・高級鮮魚）,https://www.senyasu.info/,03-6633-5578
2520,関三,関三,セキサン,(有)関三,3,0205,大物業会,大物業会（マグロ・カジキ類）,,03-6633-5598
2610,相馬水産,相馬水産,ソウマスイサン,(有)相馬水産,8,1101 / 1201,大物業会,大物業会（マグロ・カジキ類）,,03-6633-4427
2611,創和,創和,ソウワ,(有)創和,1,1004,無所属,無所属,,090-8462-3199
2612,総食,総食,ソウショク,(株)総食,6,1206,鮮魚業会,鮮魚業会（鮮魚全般）,,
2700,玉越,玉越,タマコシ,(株)玉越,2,0601,特種物業会,特種物業会（活魚・貝類・高級鮮魚）,,03-6633-5599
2701,大豊,築地大豊,ダイトヨ,(株)築地大豊,6,0708,特種物業会,特種物業会（活魚・貝類・高級鮮魚）,,03-5547-2727
2703,たけ川,たけ川,タケカワ,(有)たけ川,2,1104,大物業会,大物業会（マグロ・カジキ類）,,090-7411-9051
2704,崇寿,岩太,タカヒサ,(株)岩太,3,0706 / 0707,無所属,無所属,,03-6633-5988
2714,田信,田信商店,タシン,(株)田信商店,2,0305,煉・加工品業会,煉・加工品業会（煉製品・おでん・惣菜）,http://www.tashin.co.jp,03-6633-4545
2719,大秋水産,大秋水産,ダイアキスイサン,(株)大秋水産,1,0909,特種物業会,特種物業会（活魚・貝類・高級鮮魚）,,03-6633-5469
2722,大市,大市水産,ダイイチ,大市水産(株),1,0903,合物業会,合物業会（干物・魚漬け・加工品）,,03-6633-4816
2727,大音,大音,ダイオト,(有)大音,2,0607,鮮魚業会,鮮魚業会（鮮魚全般）,,03-6633-5995
2728,大信,ダイノブ,ダイノブ,(有)ダイノブ,6,0804,大物業会,大物業会（マグロ・カジキ類）,,03-6633-5121
2729,大閣,大閣,ダイカク,(有)大閣,4,0803,大物業会,大物業会（マグロ・カジキ類）,,03-6633-4004
2730,大長商店,大長商店,ダイチョウショウテン,(有)大長商店,2,0806,大物業会,大物業会（マグロ・カジキ類）,,03-6633-4023
2735,大直,大直,ダイナオ,(有)大直,1,1106,塩干魚業会,塩干魚業会（シラス・乾物・珍味）,,03-6633-4414
2736,大仲,大仲,ダイナカ,(株)大仲,6,0708,特種物業会,特種物業会（活魚・貝類・高級鮮魚）,http://www.tsukiji-dainaka.com,03-6633-5688
2739,大花,大花,ダイハナ,(有)大花,3,0406,大物業会,大物業会（マグロ・カジキ類）,,03-6633-5110
2746,大政,ダイマサ,ダイマサ,(株)ダイマサ,2,0303,無所属,無所属,,03-6633-5542
2747,大政分店,光田大政商店,ダイマサブンテン,(株)光田大政商店,1,0601,鮮魚業会,鮮魚業会（鮮魚全般）,,
2748,大政支店,小槻,ダイマサシテン,(有)小槻,1,0106,無所属,無所属,http://www.tsukiji-tako.jp,03-6633-5123
2752,大峰,大峰,ダイミネ,(株)大峰,2,1209,海老協会,海老協会（活・生鮮・冷凍エビ）,,03-6633-5780
2759,大雍,大雍商店,ダイヨウ,(有)大雍商店,6,0207,海老協会 / 特種物業会,海老協会（活・生鮮・冷凍エビ） / 特種物業会（活魚・貝類・高級鮮魚）,,03-6633-8013
2762,大芳,大芳,ダイヨシ,(株)大芳,10,0106 / 0205,特種物業会,特種物業会（活魚・貝類・高級鮮魚）,http://www.e-daiyoshi.com/,03-6633-5060
2764,大米,大米,ダイヨネ,(株)大米,1,0403,鮮魚業会,鮮魚業会（鮮魚全般）,,03-6633-5933
2766,大力,大力商店,ダイリキ,(株)大力商店,5,0502,特種物業会,特種物業会（活魚・貝類・高級鮮魚）,,03-5547-0080、03-5547-0081
2774,大京,大京,ダイキョウ,(株)大京,5,0705,海老協会,海老協会（活・生鮮・冷凍エビ）,,03-6633-5773
2778,大元,大元商店,ダイモト,(有)大元商店,4,0805,大物業会 / 特種物業会,大物業会（マグロ・カジキ類） / 特種物業会（活魚・貝類・高級鮮魚）,https://daimoto.net/,03-6633-4117
2782,大作,大作早山商店,ダイサク,(株)大作早山商店,4,0601,大物業会,大物業会（マグロ・カジキ類）,,03-6633-5940
2786,大正,大正商店,タイショウ,(有)大正商店,1,0405,大物業会,大物業会（マグロ・カジキ類）,,090-4601-0391
2787,大昌水産,大昌水産,ダイショウスイサン,大昌水産(株),4,0604,特種物業会,特種物業会（活魚・貝類・高級鮮魚）,,03-6633-5177
2793,大鈴,大鈴,ダイスズ,(株)大鈴,2,0507,伊勢海老組合,伊勢海老組合（伊勢海老）,,03-6633-4295
2796,大善,大善,ダイゼン,(株)大善,13,0406 / 0506 / 0508,大物業会,大物業会（マグロ・カジキ類）,https://maguro-daizen.com/,03-6633-5050
2812,大辰魚類,大辰魚類,ダイタツギョルイ,大辰魚類(株),7,0403,鮮魚業会 / 大物業会,鮮魚業会（鮮魚全般） / 大物業会（マグロ・カジキ類）,http://www.daitatsugyorui.com/,03-6633-4480
2829,高邦,高邦水産,タカクニ,高邦水産(株),8,0806,鮮魚業会,鮮魚業会（鮮魚全般）,http://www.takakuni-suisan.jp/,03-6633-5875
2834,髙須,髙須商店,タカス,(株)髙須商店,2,0807,塩干魚業会,塩干魚業会（シラス・乾物・珍味）,,03-6633-4416
2838,高富,宮下商事,タカトミ,(有)宮下商事,2,0102,特種物業会,特種物業会（活魚・貝類・高級鮮魚）,,03-6633-4848
2850,滝富,瀧富商店,タキトミ,(有)瀧富商店,2,0209,大物業会,大物業会（マグロ・カジキ類）,,03-6633-5009
2851,滝八,滝八商店,タキハチ,(株)滝八商店,1,0206,大物業会,大物業会（マグロ・カジキ類）,,03-6633-5550
2858,武田,武田商店,タケダ,(有)武田商店,2,1003,淡水魚組合 / 特種物業会,淡水魚組合（ウナギ・ドジョウ・鯉） / 特種物業会（活魚・貝類・高級鮮魚）,,03-6633-5735
2863,橘,,タチバナ,,1,1106,大物業会,大物業会（マグロ・カジキ類）,,090-2534-7847
2864,立岡,立岡水産,タチオカ,(株)立岡水産,1,1206,大物業会,大物業会（マグロ・カジキ類）,,03-6633-4213
2875,大四郎,大四郎,ダイシロウ,(有)大四郎,2,0604,大物業会,大物業会（マグロ・カジキ類）,,03-6633-4600
2883,竹口,竹口水産,タケグチ,竹口水産(株),2,0704,大物業会,大物業会（マグロ・カジキ類）,,03-6633-4717
2887,高福,高福,タカフク,(有)高福,2,0509,大物業会,大物業会（マグロ・カジキ類）,,03-6633-0968
2892,大準,大準,ダイジュン,(有)大準,4,0706,特種物業会,特種物業会（活魚・貝類・高級鮮魚）,,03-6633-5037
2896,大宗,大宗,ダイソウ,(株)大宗,5,0906,大物業会 / 特種物業会,大物業会（マグロ・カジキ類） / 特種物業会（活魚・貝類・高級鮮魚）,https://www.tsukijidaiso.com/,03-6204-2169
2897,大雅,大雅水産,ダイガ,(株)大雅水産,5,1005,大物業会,大物業会（マグロ・カジキ類）,http://www.daiga.jp,03-6633-5519
2898,大菱,大菱水産,ダイビシ,大菱水産(株),3,1001,大物業会,大物業会（マグロ・カジキ類）,,03-6633-5633
2901,太誠,太誠,タイセイ,(株)太誠,1,0205,無所属,無所属,,
2903,高英,高英,タカヒデ,(株)高英,2,0802,大物業会,大物業会（マグロ・カジキ類）,,03-6633-4440
2904,大志,大志水産,ダイシ,(有)大志水産,2,1208,大物業会,大物業会（マグロ・カジキ類）,,03-6633-5630
2906,高梨水産,高梨水産,タカナシスイサン,(有)高梨水産,2,0804,海老協会,海老協会（活・生鮮・冷凍エビ）,,03-6633-4710
2907,髙徳,髙徳,タカトク,(有)髙徳,2,0406,鮮魚業会,鮮魚業会（鮮魚全般）,,03-6633-4136
2908,大丑,,ダイウシ,,1,1203,大物業会,大物業会（マグロ・カジキ類）,,03-6633-4191
2909,大秀,大秀,ダイヒデ,(株)大秀,2,0504,大物業会,大物業会（マグロ・カジキ類）,http://www.daihide.jp,03-6633-4934
2910,千大,千大,チダイ,(有)千大,4,0904,大物業会,大物業会（マグロ・カジキ類）,,03-6633-4567
3013,佃井,佃井,ツクイ,(株)佃井,4,1006,特種物業会,特種物業会（活魚・貝類・高級鮮魚）,,03-6633-5291
3018,佃伊之,佃伊之,ツクイノ,(株)佃伊之,4,0105,特種物業会,特種物業会（活魚・貝類・高級鮮魚）,http://www.tsukuino.com,03-6633-5007
3019,佃亀新,佃亀新商店,ツクカメシン,(有)佃亀新商店,2,0708,鮮魚業会,鮮魚業会（鮮魚全般）,,03-6633-5833
3021,佃熊,佃熊,ツククマ,(株)佃熊,6,0102,海老協会 / 大物業会,海老協会（活・生鮮・冷凍エビ） / 大物業会（マグロ・カジキ類）,,03-6633-4000
3023,佃吉,佃吉水産,ツクキチ,佃吉水産(株),6,0104,大物業会,大物業会（マグロ・カジキ類）,,03-6633-5957
3027,佃幸,佃幸,ツクコウ,(株)佃幸,1,0903,無所属,無所属,,03-6633-5026
3047,佃寅,佃寅商店,ツクトラ,(有)佃寅商店,4,0506,海老協会,海老協会（活・生鮮・冷凍エビ）,,03-6633-5201
3051,佃文,佃文商店,ツクブン,(有)佃文商店,1,0906,塩干魚業会,塩干魚業会（シラス・乾物・珍味）,,090-3105-5236
3061,佃林,佃林,ツクリン,(株)佃林,6,1203,海老協会,海老協会（活・生鮮・冷凍エビ）,https://www.tsukurin.jp/,03-6633-5327
3067,佃昇,佃昇,ツクショウ,(株)佃昇,2,0701,大物業会,大物業会（マグロ・カジキ類）,,03-6633-5567
3068,司水産,司水産,ツカサスイサン,(有)司水産,2,0705,特種物業会,特種物業会（活魚・貝類・高級鮮魚）,,03-3533-0555
3073,築地三代,築地三代,ツキジサンダイ,(株)築地三代,1,0303,無所属,無所属,,
3074,佃友,佃友,ツクトモ,(株)佃友,6,0903,特種物業会,特種物業会（活魚・貝類・高級鮮魚）,,03-6633-5945
3076,釣十,釣十,ツルジュウ,(株)釣十,4,0201,無所属,無所属,https://www.m-mart.co.jp/sup/top.php?id=tsuru10,03-6633-5927
3077,築地市川,築地市川水産,ツキジイチカワ,築地市川水産(株),13,0109,北洋物業会 / 塩干魚業会,北洋物業会（鮭鱒・魚卵・冷凍品） / 塩干魚業会（シラス・乾物・珍味）,,03-6633-5545
3078,築地かきよし,築地かきよし,ツキジカキヨシ,(株)築地かきよし,1,0902,無所属,無所属,,03-6633-4322
3079,築地仲代,築地仲代,ツキジナカダイ,(株)築地仲代,1,1101,北洋物業会,北洋物業会（鮭鱒・魚卵・冷凍品）,,03-6633-4780
3080,築地大谷,築地大谷,ツキジオオタニ,(株)築地大谷,1,0502,特種物業会,特種物業会（活魚・貝類・高級鮮魚）,,03-6633-5587
3082,築地髙寿,築地髙寿,ツキジタカトシ,(株)築地髙寿,2,0904,無所属,無所属,,03-6633-4432
3083,司雷電,司雷電,ツカサライデン,(有)司雷電,2,0104,特種物業会,特種物業会（活魚・貝類・高級鮮魚）,,03-5547-0120
3084,築地魚星,築地魚星,ツキジウオセイ,(株)築地魚星,4,0305 / 0405,無所属,無所属,,03-6633-5528
3117,て良,て良,テリョウ,(株)て良,8,0908,特種物業会,特種物業会（活魚・貝類・高級鮮魚）,,03-6633-5900
3119,手源,手源,テゲン,(有)手源,2,0807,特種物業会 / 鮮魚業会,特種物業会（活魚・貝類・高級鮮魚） / 鮮魚業会（鮮魚全般）,,03-6633-4900
3215,富久,富久商店,トミキュウ,(有)富久商店,1,0408,無所属,無所属,,03-6633-7997
3220,富ツネ,富ツネ,トミツネ,(有)富ツネ,2,0710,大物業会,大物業会（マグロ・カジキ類）,,03-6633-5225
3223,富市,富市商店,トミイチ,(株)富市商店,4,0304,鮮魚業会,鮮魚業会（鮮魚全般）,,03-6633-5206
3230,虎栄,虎栄,トラエイ,(有)虎栄,2,1106,煉・加工品業会,煉・加工品業会（煉製品・おでん・惣菜）,,03-6633-5515
3246,虎勇,虎勇,トラユウ,(株)虎勇,2,0801,鮮魚業会,鮮魚業会（鮮魚全般）,,03-6633-5075
3252,登くら,登くら,トクラ,(有)登くら,1,0403,大物業会,大物業会（マグロ・カジキ類）,,03-6633-4330
3254,戸田水産,戸田水産,トダスイサン,(有)戸田水産,2,0302,特種物業会 / 大物業会,特種物業会（活魚・貝類・高級鮮魚） / 大物業会（マグロ・カジキ類）,,03-6633-5385
3255,東京鈴木屋,東京鈴木屋,トウキョウスズキヤ,東京鈴木屋(株),4,1208,鮮魚業会,鮮魚業会（鮮魚全般）,https://tokyosuzukiya.net/,03-6633-4137
3258,登美粋,ワールドフーズ,トミスイ,(株)ワールドフーズ,3,0703,海老協会,海老協会（活・生鮮・冷凍エビ）,,03-6633-5556
3259,東研,東京海洋資源研究所,トウケン,(有)東京海洋資源研究所,14,0302 / 0306 / 0603,特種物業会,特種物業会（活魚・貝類・高級鮮魚）,,03-6633-4129
3260,東美,東美,トウミ,(有)東美,1,0601,無所属,無所属,,090-6346-2980
3261,知海,知海,トモミ,(有)知海,2,0602,海老協会,海老協会（活・生鮮・冷凍エビ）,,03-6633-5523
3317,中里,中里水産,ナカザト,(有)中里水産,3,0308,大物業会,大物業会（マグロ・カジキ類）,,03-6633-4435
3319,中茂,中茂,ナカモ,(有)中茂,1,1106,大物業会,大物業会（マグロ・カジキ類）,,03-6633-4646
3326,中彦,中彦,ナカヒコ,(株)中彦,4,0504,塩干魚業会 / 北洋物業会,塩干魚業会（シラス・乾物・珍味） / 北洋物業会（鮭鱒・魚卵・冷凍品）,,03-6633-5000
3329,中松物産,中松物産,ナカマツブッサン,中松物産(株),4,0405,北洋物業会,北洋物業会（鮭鱒・魚卵・冷凍品）,,03-6633-0216
3333,長島,長島商店,ナガシマ,(株)長島商店,2,0203,煉・加工品業会 / 合物業会,煉・加工品業会（煉製品・おでん・惣菜） / 合物業会（干物・魚漬け・加工品）,,03-6633-4128、03-6633-4119
3341,長野水産,長野水産,ナガノスイサン,(有)長野水産,3,0406,特種物業会,特種物業会（活魚・貝類・高級鮮魚）,,03-6633-4007
3343,内藤,内藤,ナイトウ,(有)内藤,6,0707 / 0807,大物業会,大物業会（マグロ・カジキ類）,,03-6633-4267
3345,ナンバ,ナンバ水産,ナンバ,(有)ナンバ水産,3,0804,特種物業会,特種物業会（活魚・貝類・高級鮮魚）,http://nambasuisan.com/,03-6633-4060
3410,日本丸大,日本丸大,ニホンマルダイ,(株)日本丸大,4,1009,塩干魚業会,塩干魚業会（シラス・乾物・珍味）,https://www.nihonmarudai.jp/,03-6633-4282
3425,西誠,西誠,ニシセイ,(有)西誠,2,0306,大物業会,大物業会（マグロ・カジキ類）,,03-6633-5800
3430,西秀,西秀商店,ニシヒデ,(株)西秀商店,2,0104,合物業会,合物業会（干物・魚漬け・加工品）,,03-6633-5620
3440,日栄水産,日栄水産,ニチエイスイサン,(株)日栄水産,2,0806,海老協会,海老協会（活・生鮮・冷凍エビ）,,03-6633-4443
3441,日進,日進,ニッシン,(有)日進,2,0602,北洋物業会,北洋物業会（鮭鱒・魚卵・冷凍品）,,03-6633-4160
3442,西四高橋,西四高橋,ニシジタカハシ,(有)西四高橋,1,0303,無所属,無所属,,03-6633-5595
3443,西山水産,西山水産,ニシヤマスイサン,西山水産(株),3,0805,北洋物業会,北洋物業会（鮭鱒・魚卵・冷凍品）,,03-6633-7932
3444,ニシエー,ニシエー,ニシエー,(株)ニシエー,1,0805,無所属,無所属,,03-6633-5530
3710,ノジ喜代,ノジ喜代,ノジキヨ,(株)ノジ喜代,9,0704,合物業会,合物業会（干物・魚漬け・加工品）,,03-3520-8107
3713,祝繁,祝繁,ノリシゲ,(有)祝繁,3,0401,特種物業会,特種物業会（活魚・貝類・高級鮮魚）,,03-6633-5111
3714,希海,希海,ノゾミ,(株)希海,8,1207,特種物業会,特種物業会（活魚・貝類・高級鮮魚）,,03-6636-5256
3820,浜長,濱長,ハマチョウ,(株)濱長,12,1209,特種物業会,特種物業会（活魚・貝類・高級鮮魚）,https://www.hamacho.co.jp/,03-6633-0068
3821,萩原,萩原商店,ハギワラ,(株)萩原商店,2,0403,大物業会,大物業会（マグロ・カジキ類）,,03-6636-5311
3829,林田水産,林田水産,ハヤシダスイサン,(有)林田水産,4,0105,鮮魚業会 / 特種物業会,鮮魚業会（鮮魚全般） / 特種物業会（活魚・貝類・高級鮮魚）,,03-6633-4660
3839,八海,八海,ハッカイ,(株)八海,5,0202 / 0506,特種物業会,特種物業会（活魚・貝類・高級鮮魚）,,03-6633-4122
3840,濱翔,築地濱翔,ハマショウ,築地濱翔(株),5,0808,大物業会,大物業会（マグロ・カジキ類）,,03-6633-4066
3841,華,アイ・フーズ,ハナ,アイ・フーズ(株),1,1005,無所属,無所属,,
3842,ハセガワ,ハセガワ,ハセガワ,(株)ハセガワ,2,0509,特種物業会,特種物業会（活魚・貝類・高級鮮魚）,,03-3536-0166
3843,林水産,林水産,ハヤシスイサン,(有)林水産,1,1104,特種物業会,特種物業会（活魚・貝類・高級鮮魚）,,03-6633-5896
3911,樋泉,樋泉商店,ヒイズミ,(株)樋泉商店,4,0309,鮮魚業会 / 海老協会,鮮魚業会（鮮魚全般） / 海老協会（活・生鮮・冷凍エビ）,,03-6636-4655
3913,樋栄,樋栄,ヒエイ,(株)樋栄,4,0606,大物業会,大物業会（マグロ・カジキ類）,,03-6633-4555
3915,樋長,樋長,ヒチョウ,(株)樋長,11,0903 / 1003 / 1004,大物業会,大物業会（マグロ・カジキ類）,http://www.hicho.co.jp,03-6633-5160、03-6633-5161
3916,樋徳,樋徳商店,ヒトク,(株)樋徳商店,3,0302,特種物業会,特種物業会（活魚・貝類・高級鮮魚）,,03-6633-4109
3931,平高,平高商店,ヒラタカ,(有)平高商店,2,0903,鮮魚業会,鮮魚業会（鮮魚全般）,,03-3533-5157
4017,富久屋,富久屋,フクヤ,(株)富久屋,1,0403,煉・加工品業会,煉・加工品業会（煉製品・おでん・惣菜）,https://www.fukuya-group.co.jp/,
4020,伏新,伏新,フシシン,(有)伏新,2,0406,淡水魚組合 / 特種物業会,淡水魚組合（ウナギ・ドジョウ・鯉） / 特種物業会（活魚・貝類・高級鮮魚）,,03-6633-4042
4022,伏梅,伏梅商店,フシウメ,(有)伏梅商店,1,0406,特種物業会,特種物業会（活魚・貝類・高級鮮魚）,,03-6633-4589
4028,伏健,伏健,フシケン,(株)伏健,2,0501,煉・加工品業会,煉・加工品業会（煉製品・おでん・惣菜）,,03-6633-4810
4033,伏仲,伏仲,フシナカ,(株)伏仲,2,1002,煉・加工品業会,煉・加工品業会（煉製品・おでん・惣菜）,,03-6633-4457
4038,伏万支店,,フシマンシテン,,1,0107,無所属,無所属,,070-5582-4660
4042,藤田,フジタ水産,フジタ,(株)フジタ水産,4,0408 / 0508,大物業会,大物業会（マグロ・カジキ類）,,03-6633-3717
4046,藤森,藤森,フジモリ,(有)藤森,5,0408 / 0508,鮮魚業会,鮮魚業会（鮮魚全般）,,03-6633-5210
4047,不二勝,不二勝,フジカツ,(株)不二勝,2,0109,無所属,無所属,,03-6633-7931
4049,布施,布施水産,フセ,(株)布施水産,6,0608,大物業会,大物業会（マグロ・カジキ類）,,03-6633-4015
4055,布長,布長,フチョウ,(株)布長,3,0901,大物業会,大物業会（マグロ・カジキ類）,https://www.m-mart.co.jp/,03-6633-5885
4058,太海,太海食品,フトミ,太海食品(株),8,0203,大物業会,大物業会（マグロ・カジキ類）,,03-6633-5850
4059,藤康,藤康,フジコウ,(有)藤康,2,1203,大物業会,大物業会（マグロ・カジキ類）,,03-6633-4612
4063,藤弘,藤弘,フジヒロ,(株)藤弘,1,0707,無所属,無所属,,03-6636-5124
4118,布袋徳,,ホテトク,,1,0308,特種物業会,特種物業会（活魚・貝類・高級鮮魚）,,03-6633-5955
4121,堀富水産,堀富水産,ホリトミスイサン,堀富水産(株),2,0901,特種物業会,特種物業会（活魚・貝類・高級鮮魚）,,03-6633-5298
4124,本田,築地本田,ホンダ,(有)築地本田,2,0306,鮮魚業会,鮮魚業会（鮮魚全般）,,03-6633-4998
4126,本芳,本芳,ホンヨシ,(有)本芳,2,0302,鮮魚業会,鮮魚業会（鮮魚全般）,,03-6633-5357
4128,北晃水産,北晃水産,ホッコウスイサン,北晃水産(株),4,0606,北洋物業会,北洋物業会（鮭鱒・魚卵・冷凍品）,,03-6633-5241
4130,ホクエイ食品,ホクエイ食品,ホクエイショクヒン,ホクエイ食品(株),3,1009,大物業会,大物業会（マグロ・カジキ類）,http://www.hokuei-shokuhin.co.jp,03-6636-0347
4308,丸栄企業,丸榮企業,マルエイキギョウ,(株)丸榮企業,1,1101,無所属,無所属,,
4309,町昇,町昇,マチショウ,(有)町昇,2,0208,特種物業会,特種物業会（活魚・貝類・高級鮮魚）,,03-6633-5250
4310,前川,前川,マエカワ,(株)前川,2,0406,無所属,無所属,,03-6633-5836
4318,牧和,牧和水産,マキワ,牧和水産(株),2,0704,特種物業会,特種物業会（活魚・貝類・高級鮮魚）,,03-6633-4147
4322,松岩,松岩商店,マツイワ,(株)松岩商店,3,0206,特種物業会 / 海老協会,特種物業会（活魚・貝類・高級鮮魚） / 海老協会（活・生鮮・冷凍エビ）,,03-6633-5734
4331,松長,松長,マツチョウ,(有)松長,3,0204,大物業会,大物業会（マグロ・カジキ類）,,03-6633-4606
4337,松広,松広,マツヒロ,(有)松広,3,1204,特種物業会,特種物業会（活魚・貝類・高級鮮魚）,,03-6633-5506
4349,丸蒲食品,丸蒲食品,マルカマショクヒン,(有)丸蒲食品,2,0305,煉・加工品業会,煉・加工品業会（煉製品・おでん・惣菜）,,03-6633-4005
4350,丸菊,丸菊,マルギク,(株)丸菊,2,0207,大物業会,大物業会（マグロ・カジキ類）,,03-6633-4887
4352,丸金,丸金水産,マルキン,丸金水産(有),2,0506,特種物業会,特種物業会（活魚・貝類・高級鮮魚）,,03-6633-5440
4356,丸健,丸健,マルケン,(株)丸健,2,0806,特種物業会,特種物業会（活魚・貝類・高級鮮魚）,,03-6636-5153
4358,丸源,丸源,マルゲン,(株)丸源,4,1006,佃和会,佃和会（佃煮・惣菜・珍味）,,03-6633-4568
4363,丸定,丸定,マルサダ,(有)丸定,1,0707,海老協会,海老協会（活・生鮮・冷凍エビ）,,03-6633-4031
4365,丸七,マツノ商店,マルシチ,(有)マツノ商店,2,1206,鮮魚業会,鮮魚業会（鮮魚全般）,,03-6633-5487
4366,丸十,丸十,マルジュウ,(株)丸十,2,0108,無所属,無所属,,03-6633-0010
4369,丸清,丸清,マルセイ,(株)丸清,2,0706,特種物業会,特種物業会（活魚・貝類・高級鮮魚）,,03-6633-4050
4372,マルテイ,丸テイ,マルテイ,(有)丸テイ,2,0606,塩干魚業会,塩干魚業会（シラス・乾物・珍味）,,03-6633-4022
4373,丸利,丸利,マルトシ,(株)丸利,10,0905,特種物業会,特種物業会（活魚・貝類・高級鮮魚）,,03-6633-4777
4374,丸豊,丸豊商店,マルトヨ,(株)丸豊商店,3,0407,特種物業会,特種物業会（活魚・貝類・高級鮮魚）,,03-6633-5137
4382,丸雄,丸雄商店,マルユウ,(有)丸雄商店,2,0509,大物業会,大物業会（マグロ・カジキ類）,,03-6633-4884
4388,マルイチ北海屋,丸一北海屋,マルイチホッカイヤ,(株)丸一北海屋,2,0803,大物業会 / 北洋物業会 / 塩干魚業会 / 合物業会,大物業会（マグロ・カジキ類） / 北洋物業会（鮭鱒・魚卵・冷凍品） / 塩干魚業会（シラス・乾物・珍味） / 合物業会（干物・魚漬け・加工品）,,03-6633-5730
4389,マル岩,丸岩商店,マルイワ,(有)丸岩商店,2,0904,大物業会,大物業会（マグロ・カジキ類）,,03-6633-4044
4393,マル喜大一,丸喜大一水産,マルキダイイチ,丸喜大一水産(株),2,0208,北洋物業会,北洋物業会（鮭鱒・魚卵・冷凍品）,,03-6633-4008
4413,マル庄,丸庄商店,マルショウ,(有)丸庄商店,2,1106,海老協会,海老協会（活・生鮮・冷凍エビ）,,03-6633-5331
4417,マルス丸鈴,,マルスマルスズ,,1,0208,大物業会,大物業会（マグロ・カジキ類）,,03-6633-4189
4424,マルツ尾清,マルツ尾清,マルツオセイ,(株)マルツ尾清,8,0103 / 0203,特種物業会,特種物業会（活魚・貝類・高級鮮魚）,http://www.marutsuosei.co.jp/,03-6633-5892、03-6633-5893、03-6633-5894、03-6633-5895
4425,丸時,丸時,マルトキ,(株)丸時,8,0102 / 0202,合物業会 / 塩干魚業会,合物業会（干物・魚漬け・加工品） / 塩干魚業会（シラス・乾物・珍味）,,03-6633-5095
4428,マル福,丸福商店,マルフク,(有)丸福商店,2,0307,大物業会,大物業会（マグロ・カジキ類）,,03-6633-5255
4434,万成,万成,マンセイ,(有)万成,6,1002,特種物業会,特種物業会（活魚・貝類・高級鮮魚）,,03-6633-5044
4449,丸泉,丸泉水産,マルイズミ,丸泉水産(株),1,0901,無所属,無所属,https://www.m-mart.co.jp/,03-6633-5885
4453,丸茂,丸茂,マルシゲ,(有)丸茂,2,0805,大物業会,大物業会（マグロ・カジキ類）,,03-6633-5190
4457,マル半佃寅,丸半佃寅,マルハンツクトラ,(有)丸半佃寅,2,0710,大物業会 / 海老協会,大物業会（マグロ・カジキ類） / 海老協会（活・生鮮・冷凍エビ）,,03-6633-5790
4458,萬幸水産,萬幸水産,マンコウスイサン,(有)萬幸水産,2,0203,大物業会,大物業会（マグロ・カジキ類）,,03-6633-4663、03-6633-0018
4464,マル三海老の浦井,海老の浦井,マルサンエビノウライ,(株)海老の浦井,5,1109,特種物業会 / 海老協会,特種物業会（活魚・貝類・高級鮮魚） / 海老協会（活・生鮮・冷凍エビ）,,03-6633-5503
4466,松井水産,松井水産,マツイスイサン,松井水産(株),2,0601,大物業会,大物業会（マグロ・カジキ類）,,03-6633-4940
4467,丸勝,丸勝,マルカツ,(株)丸勝,4,0502,特種物業会,特種物業会（活魚・貝類・高級鮮魚）,,03-6633-5678
4468,丸隆石川,丸隆石川水産,マルタカイシカワ,(株)丸隆石川水産,4,1008,特種物業会,特種物業会（活魚・貝類・高級鮮魚）,,03-6633-5586
4470,政丸,政丸,マサマル,(有)政丸,6,0701 / 1001,無所属,無所属,http://www.masamaru.jp,03-6633-4120
4472,松林水産,松林水産,マツバヤシスイサン,(株)松林水産,2,0805,大物業会,大物業会（マグロ・カジキ類）,,03-6633-5321
4476,マル雅,マル雅,マルマサ,(有)マル雅,1,0407,無所属,無所属,,03-6633-5021
4477,マルジン松茂,丸仁松茂,マルジンマツシゲ,(有)丸仁松茂,4,0901,特種物業会,特種物業会（活魚・貝類・高級鮮魚）,,03-6633-5536
4478,丸吾,,マルゴ,,1,0306,淡水魚組合,淡水魚組合（ウナギ・ドジョウ・鯉）,,03-6633-5006
4480,丸山,丸山,マルヤマ,(株)丸山,1,0303,無所属,無所属,,03-6633-5595
4481,丸佳,丸佳,マルヨシ,(株)丸佳,2,0701,特種物業会,特種物業会（活魚・貝類・高級鮮魚）,,03-6633-5966
4482,眞島,眞島,マジマ,(株)眞島,2,0408,無所属,無所属,,03-6633-5120
4483,マルテル美濃桂,maruteru美濃桂,マルテルミノケイ,(株)maruteru美濃桂,6,0902,特種物業会,特種物業会（活魚・貝類・高級鮮魚）,,03-6633-7938
4523,水音,水音水産,ミズオト,(有)水音水産,4,1203,特種物業会 / 大物業会,特種物業会（活魚・貝類・高級鮮魚） / 大物業会（マグロ・カジキ類）,,03-5548-7377
4527,水長,水長水産,ミズチョウ,(株)水長水産,8,1007,特種物業会,特種物業会（活魚・貝類・高級鮮魚）,,03-6633-5320
4535,宮一,宮一,ミヤイチ,(有)宮一,3,0307,大物業会,大物業会（マグロ・カジキ類）,,03-6633-5381
4544,宮彦,宮彦,ミヤヒコ,(有)宮彦,4,0108,特種物業会,特種物業会（活魚・貝類・高級鮮魚）,,03-6633-5507
4549,水米,水米,ミズヨネ,(有)水米,1,1204,海老協会,海老協会（活・生鮮・冷凍エビ）,https://twitter.com/ebiwassy,03-6633-4026
4550,宮商,,ミヤショウ,,1,0405,無所属,無所属,,
4612,村清,ヤマセ村清,ムラセイ,(株)ヤマセ村清,6,0409,塩干魚業会 / 北洋物業会,塩干魚業会（シラス・乾物・珍味） / 北洋物業会（鮭鱒・魚卵・冷凍品）,http://www.murasei.com,03-6633-5921
4616,村また,村また商店,ムラマタ,(有)村また商店,1,0701,塩干魚業会,塩干魚業会（シラス・乾物・珍味）,,03-6633-5544
4619,村和,村和,ムラワ,(株)村和,2,1203,合物業会,合物業会（干物・魚漬け・加工品）,https://www.murawa-himono.com/,03-6633-5155
4710,恵水産,榊水産,メグミスイサン,(有)榊水産,5,0303,大物業会,大物業会（マグロ・カジキ類）,,03-6633-5071
4811,本橋,本橋,モトハシ,(有)本橋,2,0204,鮮魚業会,鮮魚業会（鮮魚全般）,,03-6633-5525
4814,籾豊,籾豊,モミトヨ,(有)籾豊,2,0203,大物業会,大物業会（マグロ・カジキ類）,,03-6633-4488
4821,モリヤ,モリヤ,モリヤ,(株)モリヤ,1,0802,北洋物業会,北洋物業会（鮭鱒・魚卵・冷凍品）,,03-6633-4552
4900,弥栄水産,弥栄水産,ヤサカスイサン,弥栄水産(株),2,0706,特種物業会,特種物業会（活魚・貝類・高級鮮魚）,,03-3533-5563
4901,八雲水産,八雲水産,ヤクモスイサン,(株)八雲水産,1,0707,無所属,無所属,,090-7279-8726（公開）
4910,八木正,八木正,ヤギショウ,(有)八木正,2,0206,特種物業会,特種物業会（活魚・貝類・高級鮮魚）,,03-6633-5923
4913,矢島,矢島,ヤジマ,(株)矢島,4,0305 / 0805,大物業会,大物業会（マグロ・カジキ類）,,03-6633-4913
4915,柳下,柳下,ヤギシタ,(有)柳下,2,0103,煉・加工品業会,煉・加工品業会（煉製品・おでん・惣菜）,,03-6633-5531
4921,柳又,柳又,ヤナマタ,(株)柳又,1,0208,大物業会,大物業会（マグロ・カジキ類）,,03-6633-4040
4926,山市,山市,ヤマイチ,(有)山市,1,1104,大物業会,大物業会（マグロ・カジキ類）,,03-6633-5801
4927,山卯,山卯商店,ヤマウ,(有)山卯商店,2,0503,大物業会,大物業会（マグロ・カジキ類）,,03-6633-5268
4932,山岸,築地山岸,ヤマギシ,(有)築地山岸,1,1203,鮮魚業会,鮮魚業会（鮮魚全般）,,
4933,やま吉,やま吉,ヤマキチ,(有)やま吉,6,0609,大物業会,大物業会（マグロ・カジキ類）,,03-6633-4192
4934,山喜之,山喜之,ヤマキノ,(株)山喜之,2,1008,大物業会,大物業会（マグロ・カジキ類）,,03-6633-4533
4935,山金,山金商店,ヤマキン,(有)山金商店,1,0307,大物業会,大物業会（マグロ・カジキ類）,,03-6633-4788
4937,山五,山五商店,ヤマゴ,(有)山五商店,5,0803,特種物業会,特種物業会（活魚・貝類・高級鮮魚）,,03-6633-5600
4940,山サ水産,山サ水産,ヤマサスイサン,山サ水産(株),5,0705,北洋物業会,北洋物業会（鮭鱒・魚卵・冷凍品）,,03-6633-5583
4942,山貞,山貞,ヤマテイ,(有)山貞,2,0303,特種物業会,特種物業会（活魚・貝類・高級鮮魚）,,03-6633-5609
4944,山治,山治,ヤマハル,(株)山治,36,0101 / 0201 / 0302 / 0401 / 1202,特種物業会,特種物業会（活魚・貝類・高級鮮魚）,http://www.yama-haru.jp,03-6636-5180
4945,山静,山静商店,ヤマシズ,(有)山静商店,2,0904,特種物業会 / 伊勢海老組合,特種物業会（活魚・貝類・高級鮮魚） / 伊勢海老組合（伊勢海老）,,03-3533-3555
4947,ヤマジョウ,山ジョウ商店,ヤマジョウ,(有)山ジョウ商店,2,1209,大物業会,大物業会（マグロ・カジキ類）,,03-6633-4951
4955,山忠,山忠,ヤマチュウ,(有)山忠,1,1106,合物業会,合物業会（干物・魚漬け・加工品）,http://www.uogashi-yamachu.com,03-6633-5512
4959,山二,山二,ヤマニ,(株)山二,2,1209,大物業会,大物業会（マグロ・カジキ類）,http://www.maguro-yamani.com,03-6633-5333
4960,山八,山八,ヤマハチ,(株)山八,22,0209 / 0309,特種物業会 / 海老協会,特種物業会（活魚・貝類・高級鮮魚） / 海老協会（活・生鮮・冷凍エビ）,http://www.mt-eight.com/,03-6636-6011、03-6636-6013、03-6636-6015、03-6636-6017、03-6636-6019
4964,山福,山福,ヤマフク,(有)山福,4,0301,特種物業会,特種物業会（活魚・貝類・高級鮮魚）,,03-6633-5906
4966,山松,岡田山松商店,ヤママツ,(有)岡田山松商店,2,0206,鮮魚業会,鮮魚業会（鮮魚全般）,,03-6633-4840
4969,山和,山和,ヤマワ,(株)山和,8,0107 / 0801,大物業会,大物業会（マグロ・カジキ類）,http://www.yamawa-maguro.co.jp,03-6633-4173
4973,ヤマイシ小林,ヤマイシ小林,ヤマイシコバヤシ,(有)ヤマイシ小林,3,0905 / 1005,北洋物業会 / 塩干魚業会,北洋物業会（鮭鱒・魚卵・冷凍品） / 塩干魚業会（シラス・乾物・珍味）,,03-6633-0033
4974,ヤマ一村田,村田物産,ヤマイチムラタ,(有)村田物産,2,0805,塩干魚業会,塩干魚業会（シラス・乾物・珍味）,,03-6633-5471
4975,山源水産,山源水産,ヤマゲンスイサン,(株)山源水産,8,0906,特種物業会,特種物業会（活魚・貝類・高級鮮魚）,,03-6633-5566
4989,やま幸,やま幸,ヤマユキ,(株)やま幸,17,0602 / 1207 / 1208,大物業会,大物業会（マグロ・カジキ類）,,03-6636-5527
4991,やまふ水産,やまふ水産,ヤマフスイサン,(株)やまふ水産,13,0710 / 0809,大物業会 / 特種物業会,大物業会（マグロ・カジキ類） / 特種物業会（活魚・貝類・高級鮮魚）,,03-5144-0361
4993,山義,山義,ヤマヨシ,(有)山義,3,1101,大物業会,大物業会（マグロ・カジキ類）,,03-6633-5641
4994,山雄,山雄商事,ヤマユウ,(株)山雄商事,2,0108,大物業会,大物業会（マグロ・カジキ類）,,03-6633-5541
4998,ヤマサ岩田,岩田,ヤマサイワタ,(株)岩田,5,0905,特種物業会,特種物業会（活魚・貝類・高級鮮魚）,http://iwata-tsukiji.jp,03-6633-5456、03-6633-5457
5000,山仁本店,山仁本店,ヤマジンホンテン,(有)山仁本店,2,0205,無所属,無所属,,03-5547-4433
5001,山徳,山徳,ヤマトク,(株)山徳,2,0706,大物業会,大物業会（マグロ・カジキ類）,,03-6633-5770
5061,湯浅,湯浅商店,ユアサ,(株)湯浅商店,4,0209,無所属,無所属,,03-6633-7936
5062,侑圭,侑圭,ユウケイ,(株)侑圭,1,1001,無所属,無所属,,03-6633-5090
5063,結乃花,結乃花,ユノカ,結乃花(有),4,0701 / 0801,無所属,無所属,,03-6633-4106
5113,吉善,吉善,ヨシゼン,(株)吉善,13,0909 / 1009,特種物業会,特種物業会（活魚・貝類・高級鮮魚）,http://www.yoshizen.jp,03-6633-4180
5118,芳野分店,芳野分店,ヨシノブンテン,(有)芳野分店,2,0305,特種物業会,特種物業会（活魚・貝類・高級鮮魚）,,03-6633-4624
5119,米川,米川水産,ヨネカワ,米川水産(株),4,0906 / 1006,大物業会 / 鮮魚業会,大物業会（マグロ・カジキ類） / 鮮魚業会（鮮魚全般）,http://www.yonekawa-suisan.co.jp,03-6423-6376
5123,嘉徳,プレコエフユニット,ヨシトク,(株)プレコエフユニット,10,0507,特種物業会,特種物業会（活魚・貝類・高級鮮魚）,http://www.precofunit.co.jp,03-6636-4419
5125,芳三淡水,芳三淡水,ヨシミタンスイ,(株)芳三淡水,1,0408,淡水魚組合,淡水魚組合（ウナギ・ドジョウ・鯉）,,03-6633-4077
5127,よし田水産,よし田水産,ヨシダスイサン,(株)よし田水産,1,0608,無所属,無所属,,03-6633-5432
5128,吉丸水産,吉丸水産,ヨシマルスイサン,(株)吉丸水産,3,0204,特種物業会,特種物業会（活魚・貝類・高級鮮魚）,,03-6633-4047
5129,芳彦水産,芳彦水産,ヨシヒコスイサン,(有)芳彦水産,2,0308,無所属,無所属,,03-6633-4660
5130,ヨシ富本店,ヨシとみ,ヨシトミホンテン,(株)ヨシとみ,2,1204,大物業会,大物業会（マグロ・カジキ類）,,03-6633-5572
5312,鷲健,鷲健,ワシケン,(有)鷲健,2,0404,煉・加工品業会,煉・加工品業会（煉製品・おでん・惣菜）,,03-6633-5897
5321,渡正,渡正,ワタショウ,(有)渡正,1,0704,大物業会,大物業会（マグロ・カジキ類）,,03-6633-4318
5322,渡辺,渡辺商店,ワタナベ,(株)渡辺商店,5,0204 / 0803,鮮魚業会 / 特種物業会,鮮魚業会（鮮魚全般） / 特種物業会（活魚・貝類・高級鮮魚）,,03-6633-4470、03-6633-4400
5323,渡福,渡福商店,ワタフク,(有)渡福商店,8,0301,大物業会,大物業会（マグロ・カジキ類）,,03-6633-4338、03-6633-5126
5324,和田,和田食品,ワダ,(有)和田食品,3,0302 / 0601,鮮魚業会,鮮魚業会（鮮魚全般）,,03-6633-4118
5325,渡辺水産,渡辺水産,ワタナベスイサン,(有)渡辺水産,1,0707,海老協会,海老協会（活・生鮮・冷凍エビ）,,03-6633-0355
5327,和田分,和田分,ワダブン,(株)和田分,2,0302 / 0504,無所属,無所属,http://www.wataru-j.com/,03-6633-5011
